layer,tokens,time_us
act_fn,1,4.58633
act_fn,2,4.11767
act_fn,3,3.99967
act_fn,4,4.064
act_fn,5,4.07467
act_fn,6,4.12833
act_fn,7,4.11733
act_fn,8,4.13867
act_fn,9,4.12767
act_fn,10,4.10667
act_fn,11,4.17067
act_fn,12,4.12767
act_fn,13,4.11733
act_fn,14,4.16
act_fn,15,4.13867
act_fn,16,4.106
act_fn,20,4.768
act_fn,24,4.821
act_fn,28,5.206
act_fn,32,5.323
act_fn,36,5.49333
act_fn,40,5.64267
act_fn,44,5.95233
act_fn,48,6.28267
act_fn,52,6.64533
act_fn,56,6.95433
act_fn,60,7.24267
act_fn,64,7.53033
act_fn,80,9.55733
act_fn,96,12.5973
act_fn,112,14.752
act_fn,128,17.7173
act_fn,144,20.512
act_fn,160,23.3487
act_fn,176,26.2187
act_fn,192,29.1733
act_fn,208,31.5843
act_fn,224,34.656
act_fn,240,37.2057
act_fn,256,40.032
act_fn,272,42.5387
act_fn,288,45.1097
act_fn,304,47.4563
act_fn,320,49.7067
act_fn,336,52.5657
act_fn,352,55.0297
act_fn,368,58.123
act_fn,384,60.064
act_fn,400,59.2747
act_fn,416,62.678
act_fn,432,64.6933
act_fn,448,67.1787
act_fn,464,69.8567
act_fn,480,72.235
act_fn,496,74.2723
act_fn,512,77.2483
act_fn,528,80.9283
act_fn,544,83.0937
act_fn,560,86.3147
act_fn,576,88.3313
act_fn,592,90.9657
act_fn,608,93.3867
act_fn,624,96.171
act_fn,640,98.5177
act_fn,656,102.101
act_fn,672,103.723
act_fn,688,107.051
act_fn,704,108.16
act_fn,720,110.795
act_fn,736,113.312
act_fn,752,116.001
act_fn,768,118.955
act_fn,784,117.483
act_fn,800,120.214
act_fn,816,122.87
act_fn,832,124.897
act_fn,848,128.086
act_fn,864,131.734
act_fn,880,133.249
act_fn,896,135.904
act_fn,912,139.819
act_fn,928,141.515
act_fn,944,144.896
act_fn,960,146.913
act_fn,976,149.729
act_fn,992,152.172
act_fn,1008,153.717
act_fn,1024,157.611
act_fn,1040,159.52
act_fn,1056,161.867
act_fn,1072,164.332
act_fn,1088,167.265
act_fn,1104,168.907
act_fn,1120,172.736
act_fn,1136,174.145
act_fn,1152,176.46
act_fn,1168,174.891
act_fn,1184,177.686
act_fn,1200,180.513
act_fn,1216,183.084
act_fn,1232,185.217
act_fn,1248,188.406
act_fn,1264,190.22
act_fn,1280,192.577
act_fn,1296,196.513
act_fn,1312,199.34
act_fn,1328,202.753
act_fn,1344,204.086
act_fn,1360,207.041
act_fn,1376,209.399
act_fn,1392,212.278
act_fn,1408,214.433
act_fn,1424,216.908
act_fn,1440,219.361
act_fn,1456,222.049
act_fn,1472,225.409
act_fn,1488,226.838
act_fn,1504,228.396
act_fn,1520,232.566
act_fn,1536,233.473
act_fn,1552,233.804
act_fn,1568,234.956
act_fn,1584,237.697
act_fn,1600,240.577
act_fn,1616,243.51
act_fn,1632,246.198
act_fn,1648,247.318
act_fn,1664,250.444
act_fn,1680,254.923
act_fn,1696,257.665
act_fn,1712,259.851
act_fn,1728,261.185
act_fn,1744,265.078
act_fn,1760,266.923
act_fn,1776,270.006
act_fn,1792,272.011
act_fn,1808,276.001
act_fn,1824,276.13
act_fn,1840,279.127
act_fn,1856,282.273
act_fn,1872,284.748
act_fn,1888,286.966
act_fn,1904,290.017
act_fn,1920,292.31
act_fn,1936,290.668
act_fn,1952,292.93
act_fn,1968,295.468
act_fn,1984,298.081
act_fn,2000,300.31
act_fn,2016,302.562
act_fn,2032,304.972
act_fn,2048,307.926
down_proj,1,214.753
down_proj,2,216.118
down_proj,3,216.908
down_proj,4,217.675
down_proj,5,218.272
down_proj,6,218.881
down_proj,7,218.945
down_proj,8,220.214
down_proj,9,220.032
down_proj,10,220.172
down_proj,11,221.046
down_proj,12,219.67
down_proj,13,219.457
down_proj,14,220.374
down_proj,15,222.508
down_proj,16,221.857
down_proj,20,220.118
down_proj,24,224.769
down_proj,28,222.018
down_proj,32,224.95
down_proj,36,225.163
down_proj,40,227.83
down_proj,44,227.51
down_proj,48,226.817
down_proj,52,226.668
down_proj,56,225.025
down_proj,60,234.091
down_proj,64,234.091
down_proj,80,271.756
down_proj,96,230.956
down_proj,112,231.147
down_proj,128,232.417
down_proj,144,249.846
down_proj,160,251.425
down_proj,176,253.601
down_proj,192,265.644
down_proj,208,406.828
down_proj,224,399.788
down_proj,240,408.802
down_proj,256,421.154
down_proj,272,552.973
down_proj,288,553.1
down_proj,304,553.165
down_proj,320,556.577
down_proj,336,554.936
down_proj,352,554.338
down_proj,368,556.535
down_proj,384,558.487
down_proj,400,541.452
down_proj,416,542.979
down_proj,432,542.968
down_proj,448,543.811
down_proj,464,544.087
down_proj,480,542.007
down_proj,496,542.381
down_proj,512,542.156
down_proj,528,587.032
down_proj,544,589.591
down_proj,560,591.969
down_proj,576,595.33
down_proj,592,598.796
down_proj,608,601.624
down_proj,624,602.093
down_proj,640,604.675
down_proj,656,724.899
down_proj,672,726.414
down_proj,688,727.394
down_proj,704,727.662
down_proj,720,731.471
down_proj,736,730.979
down_proj,752,733.498
down_proj,768,736.505
down_proj,784,829.4
down_proj,800,830.47
down_proj,816,832.366
down_proj,832,835.109
down_proj,848,837.326
down_proj,864,838.489
down_proj,880,839.096
down_proj,896,840.376
down_proj,912,1096.67
down_proj,928,1099.96
down_proj,944,1101.94
down_proj,960,1101.94
down_proj,976,1097.87
down_proj,992,1100.21
down_proj,1008,1100.16
down_proj,1024,1101.94
down_proj,1040,1103
down_proj,1056,1105.04
down_proj,1072,1102.88
down_proj,1088,1108.09
down_proj,1104,1107.72
down_proj,1120,1109.65
down_proj,1136,1112.13
down_proj,1152,1113.09
down_proj,1168,1111.62
down_proj,1184,1111.31
down_proj,1200,1116.33
down_proj,1216,1116.35
down_proj,1232,1116.73
down_proj,1248,1116.85
down_proj,1264,1119.11
down_proj,1280,1117.29
down_proj,1296,1287.66
down_proj,1312,1300.49
down_proj,1328,1290.63
down_proj,1344,1290.24
down_proj,1360,1293.83
down_proj,1376,1303.81
down_proj,1392,1298.33
down_proj,1408,1298.85
down_proj,1424,1664.72
down_proj,1440,1656.69
down_proj,1456,1665.81
down_proj,1472,1446.78
down_proj,1488,1449.2
down_proj,1504,1451.73
down_proj,1520,1454.52
down_proj,1536,1450.5
down_proj,1552,1458.48
down_proj,1568,1455.75
down_proj,1584,1459.74
down_proj,1600,1460.51
down_proj,1616,1461.33
down_proj,1632,1460.07
down_proj,1648,1565.43
down_proj,1664,1572.39
down_proj,1680,1638.27
down_proj,1696,1648.87
down_proj,1712,1582.49
down_proj,1728,1712.26
down_proj,1744,1834.84
down_proj,1760,1839.51
down_proj,1776,1855.41
down_proj,1792,1861.42
down_proj,1808,1840.55
down_proj,1824,1842.73
down_proj,1840,1842.07
down_proj,1856,1847.52
down_proj,1872,1849.41
down_proj,1888,1859.86
down_proj,1904,1868.96
down_proj,1920,1875.46
down_proj,1936,1943.53
down_proj,1952,1942.52
down_proj,1968,1942.07
down_proj,1984,1955.81
down_proj,2000,1948.8
down_proj,2016,1950.72
down_proj,2032,1957.33
down_proj,2048,1949.17
embedding,1,4.43767
embedding,2,4.66133
embedding,3,4.90667
embedding,4,5.16267
embedding,5,5.51467
embedding,6,5.77067
embedding,7,5.994
embedding,8,6.09067
embedding,9,6.603
embedding,10,6.88033
embedding,11,7.115
embedding,12,7.39267
embedding,13,7.72267
embedding,14,7.96833
embedding,15,8.26633
embedding,16,8.29867
embedding,20,3.66933
embedding,24,3.552
embedding,28,3.81867
embedding,32,3.60533
embedding,36,3.87233
embedding,40,3.744
embedding,44,3.96833
embedding,48,3.79767
embedding,52,4.04267
embedding,56,3.93633
embedding,60,4.16033
embedding,64,4.011
embedding,80,4.21367
embedding,96,4.288
embedding,112,4.35167
embedding,128,4.406
embedding,144,4.75767
embedding,160,4.87433
embedding,176,4.90667
embedding,192,4.982
embedding,208,4.96
embedding,224,4.981
embedding,240,5.04533
embedding,256,5.173
embedding,272,5.611
embedding,288,5.81333
embedding,304,5.80233
embedding,320,5.79233
embedding,336,5.952
embedding,352,5.92
embedding,368,6.01633
embedding,384,6.00533
embedding,400,6.24
embedding,416,6.35733
embedding,432,6.49633
embedding,448,6.53867
embedding,464,6.709
embedding,480,6.75233
embedding,496,6.95433
embedding,512,7.24267
embedding,528,7.29667
embedding,544,7.445
embedding,560,7.70133
embedding,576,8.22333
embedding,592,8.16
embedding,608,8.491
embedding,624,8.71467
embedding,640,8.843
embedding,656,9.388
embedding,672,9.47167
embedding,688,9.80267
embedding,704,10.24
embedding,720,10.5593
embedding,736,10.9123
embedding,752,11.168
embedding,768,11.4883
embedding,784,11.616
embedding,800,12.0753
embedding,816,12.4913
embedding,832,12.8847
embedding,848,12.9813
embedding,864,13.259
embedding,880,13.344
embedding,896,13.685
embedding,912,13.984
embedding,928,14.422
embedding,944,14.3143
embedding,960,14.624
embedding,976,14.7623
embedding,992,14.976
embedding,1008,15.3603
embedding,1024,15.5517
embedding,1040,15.733
embedding,1056,15.9787
embedding,1072,16.011
embedding,1088,16.491
embedding,1104,16.608
embedding,1120,16.8
embedding,1136,17.227
embedding,1152,17.3977
embedding,1168,17.6323
embedding,1184,17.6853
embedding,1200,18.1123
embedding,1216,18.4107
embedding,1232,18.368
embedding,1248,18.5813
embedding,1264,18.9227
embedding,1280,19.1043
embedding,1296,19.2427
embedding,1312,19.595
embedding,1328,19.723
embedding,1344,19.883
embedding,1360,20.1707
embedding,1376,20.3947
embedding,1392,20.5983
embedding,1408,20.7787
embedding,1424,21.056
embedding,1440,21.2587
embedding,1456,21.6
embedding,1472,21.7173
embedding,1488,21.9847
embedding,1504,22.4107
embedding,1520,22.624
embedding,1536,22.5173
embedding,1552,23.1357
embedding,1568,23.3493
embedding,1584,23.5517
embedding,1600,23.744
embedding,1616,23.9473
embedding,1632,23.9997
embedding,1648,24.4697
embedding,1664,24.5867
embedding,1680,24.7463
embedding,1696,25.0667
embedding,1712,25.3653
embedding,1728,25.675
embedding,1744,25.728
embedding,1760,26.176
embedding,1776,26.218
embedding,1792,26.4213
embedding,1808,26.539
embedding,1824,26.8583
embedding,1840,26.8267
embedding,1856,27.2747
embedding,1872,27.4137
embedding,1888,27.67
embedding,1904,27.787
embedding,1920,28.213
embedding,1936,28.544
embedding,1952,28.5553
embedding,1968,28.7253
embedding,1984,29.002
embedding,2000,29.099
embedding,2016,29.536
embedding,2032,29.696
embedding,2048,29.8667
final_layernorm,1,3.54167
final_layernorm,2,3.552
final_layernorm,3,3.49867
final_layernorm,4,3.48833
final_layernorm,5,3.51967
final_layernorm,6,3.52
final_layernorm,7,3.52033
final_layernorm,8,3.53067
final_layernorm,9,3.56267
final_layernorm,10,3.56233
final_layernorm,11,3.584
final_layernorm,12,3.56267
final_layernorm,13,3.53067
final_layernorm,14,3.541
final_layernorm,15,3.57333
final_layernorm,16,3.584
final_layernorm,20,3.69067
final_layernorm,24,3.77533
final_layernorm,28,3.84
final_layernorm,32,3.91467
final_layernorm,36,3.89333
final_layernorm,40,3.98933
final_layernorm,44,3.936
final_layernorm,48,4.064
final_layernorm,52,4.20267
final_layernorm,56,4.192
final_layernorm,60,4.34133
final_layernorm,64,4.45867
final_layernorm,80,4.427
final_layernorm,96,5.96267
final_layernorm,112,6.11233
final_layernorm,128,6.27233
final_layernorm,144,6.54933
final_layernorm,160,6.83733
final_layernorm,176,7.883
final_layernorm,192,8.011
final_layernorm,208,10.475
final_layernorm,224,10.944
final_layernorm,240,12.0533
final_layernorm,256,9.90933
final_layernorm,272,11.136
final_layernorm,288,11.7333
final_layernorm,304,12
final_layernorm,320,13.0023
final_layernorm,336,13.525
final_layernorm,352,14.5067
final_layernorm,368,15.4347
final_layernorm,384,16.5763
final_layernorm,400,18.5603
final_layernorm,416,19.5097
final_layernorm,432,20.6713
final_layernorm,448,21.8987
final_layernorm,464,22.7093
final_layernorm,480,24.0107
final_layernorm,496,25.035
final_layernorm,512,28.16
final_layernorm,528,30.688
final_layernorm,544,31.7013
final_layernorm,560,32.7897
final_layernorm,576,33.7493
final_layernorm,592,35.0187
final_layernorm,608,35.9573
final_layernorm,624,36.5547
final_layernorm,640,37.7177
final_layernorm,656,38.7843
final_layernorm,672,39.819
final_layernorm,688,40.9067
final_layernorm,704,41.2487
final_layernorm,720,42.688
final_layernorm,736,43.9893
final_layernorm,752,44.939
final_layernorm,768,45.9203
final_layernorm,784,46.464
final_layernorm,800,47.4137
final_layernorm,816,48.2243
final_layernorm,832,50.688
final_layernorm,848,50.539
final_layernorm,864,51.4033
final_layernorm,880,52.5763
final_layernorm,896,53.12
final_layernorm,912,51.979
final_layernorm,928,53.4613
final_layernorm,944,54.923
final_layernorm,960,55.4777
final_layernorm,976,56.555
final_layernorm,992,58.432
final_layernorm,1008,59.1143
final_layernorm,1024,61.1417
final_layernorm,1040,61.8883
final_layernorm,1056,63.0623
final_layernorm,1072,63.798
final_layernorm,1088,64.7047
final_layernorm,1104,65.7067
final_layernorm,1120,66.432
final_layernorm,1136,67.883
final_layernorm,1152,68.374
final_layernorm,1168,68.9923
final_layernorm,1184,70.6777
final_layernorm,1200,71.3927
final_layernorm,1216,72.6613
final_layernorm,1232,73.227
final_layernorm,1248,74.0907
final_layernorm,1264,75.4773
final_layernorm,1280,75.979
final_layernorm,1296,75.3817
final_layernorm,1312,76.758
final_layernorm,1328,77.8137
final_layernorm,1344,79.0187
final_layernorm,1360,80.1817
final_layernorm,1376,82.1123
final_layernorm,1392,82.379
final_layernorm,1408,83.8297
final_layernorm,1424,82.3363
final_layernorm,1440,83.617
final_layernorm,1456,84.8217
final_layernorm,1472,87.83
final_layernorm,1488,89.323
final_layernorm,1504,90.0487
final_layernorm,1520,91.3177
final_layernorm,1536,92.523
final_layernorm,1552,93.1207
final_layernorm,1568,94.9977
final_layernorm,1584,95.3503
final_layernorm,1600,96.7687
final_layernorm,1616,97.366
final_layernorm,1632,98.1657
final_layernorm,1648,97.8777
final_layernorm,1664,98.7093
final_layernorm,1680,100.853
final_layernorm,1696,101.877
final_layernorm,1712,102.678
final_layernorm,1728,101.963
final_layernorm,1744,100.619
final_layernorm,1760,102.145
final_layernorm,1776,102.006
final_layernorm,1792,103.489
final_layernorm,1808,104.854
final_layernorm,1824,105.846
final_layernorm,1840,106.827
final_layernorm,1856,107.275
final_layernorm,1872,108.31
final_layernorm,1888,109.718
final_layernorm,1904,110.849
final_layernorm,1920,111.435
final_layernorm,1936,111.435
final_layernorm,1952,112.822
final_layernorm,1968,113.526
final_layernorm,1984,114.582
final_layernorm,2000,116.417
final_layernorm,2016,116.843
final_layernorm,2032,117.845
final_layernorm,2048,118.806
gate_up_proj,1,413.346
gate_up_proj,2,465.932
gate_up_proj,3,466.263
gate_up_proj,4,467.329
gate_up_proj,5,468.438
gate_up_proj,6,468.993
gate_up_proj,7,468.727
gate_up_proj,8,470.476
gate_up_proj,9,471.169
gate_up_proj,10,471.512
gate_up_proj,11,473.047
gate_up_proj,12,474.413
gate_up_proj,13,473.729
gate_up_proj,14,474.541
gate_up_proj,15,475.618
gate_up_proj,16,476.001
gate_up_proj,20,504.493
gate_up_proj,24,503.608
gate_up_proj,28,461.612
gate_up_proj,32,464.162
gate_up_proj,36,465.548
gate_up_proj,40,466.306
gate_up_proj,44,471.468
gate_up_proj,48,474.638
gate_up_proj,52,486.733
gate_up_proj,56,480.813
gate_up_proj,60,477.623
gate_up_proj,64,479.714
gate_up_proj,80,463.479
gate_up_proj,96,466.572
gate_up_proj,112,470.966
gate_up_proj,128,472.524
gate_up_proj,144,553.581
gate_up_proj,160,555.957
gate_up_proj,176,558.061
gate_up_proj,192,560.952
gate_up_proj,208,564.749
gate_up_proj,224,547.373
gate_up_proj,240,551.297
gate_up_proj,256,544.898
gate_up_proj,272,669.923
gate_up_proj,288,672.812
gate_up_proj,304,675.502
gate_up_proj,320,677.015
gate_up_proj,336,681.145
gate_up_proj,352,684.28
gate_up_proj,368,688.471
gate_up_proj,384,691.896
gate_up_proj,400,990.233
gate_up_proj,416,993.497
gate_up_proj,432,997.903
gate_up_proj,448,1001.51
gate_up_proj,464,1004.48
gate_up_proj,480,1007.69
gate_up_proj,496,1010.81
gate_up_proj,512,1010.25
gate_up_proj,528,1158.26
gate_up_proj,544,1162.99
gate_up_proj,560,1165.77
gate_up_proj,576,1168.91
gate_up_proj,592,1171.52
gate_up_proj,608,1175.8
gate_up_proj,624,1178.59
gate_up_proj,640,1180.9
gate_up_proj,656,1332.42
gate_up_proj,672,1335.52
gate_up_proj,688,1338
gate_up_proj,704,1340.6
gate_up_proj,720,1343.54
gate_up_proj,736,1345.19
gate_up_proj,752,1348.69
gate_up_proj,768,1352.45
gate_up_proj,784,1643.76
gate_up_proj,800,1648.47
gate_up_proj,816,1651.74
gate_up_proj,832,1654.21
gate_up_proj,848,1658.09
gate_up_proj,864,1662.37
gate_up_proj,880,1665.01
gate_up_proj,896,1676.06
gate_up_proj,912,1836.32
gate_up_proj,928,1838.89
gate_up_proj,944,1841.88
gate_up_proj,960,1845.25
gate_up_proj,976,1848.52
gate_up_proj,992,1849.09
gate_up_proj,1008,1854.94
gate_up_proj,1024,1857.28
gate_up_proj,1040,2009.59
gate_up_proj,1056,2009.57
gate_up_proj,1072,2012.06
gate_up_proj,1088,2013.43
gate_up_proj,1104,2020.37
gate_up_proj,1120,2021.45
gate_up_proj,1136,2025.8
gate_up_proj,1152,2031.18
gate_up_proj,1168,2321.69
gate_up_proj,1184,2326.19
gate_up_proj,1200,2331.42
gate_up_proj,1216,2334.52
gate_up_proj,1232,2339.93
gate_up_proj,1248,2340.65
gate_up_proj,1264,2343.07
gate_up_proj,1280,2342.77
gate_up_proj,1296,2512.37
gate_up_proj,1312,2521.25
gate_up_proj,1328,2516.35
gate_up_proj,1344,2524.42
gate_up_proj,1360,2524.78
gate_up_proj,1376,2531.82
gate_up_proj,1392,2528.78
gate_up_proj,1408,2534.3
gate_up_proj,1424,2679.81
gate_up_proj,1440,2680.13
gate_up_proj,1456,2686.54
gate_up_proj,1472,2688.88
gate_up_proj,1488,2691.14
gate_up_proj,1504,2699.05
gate_up_proj,1520,2702.14
gate_up_proj,1536,2702.78
gate_up_proj,1552,2992.86
gate_up_proj,1568,3003.75
gate_up_proj,1584,2996.66
gate_up_proj,1600,3011.35
gate_up_proj,1616,3015.99
gate_up_proj,1632,3015.29
gate_up_proj,1648,3022.96
gate_up_proj,1664,3014.4
gate_up_proj,1680,3176.95
gate_up_proj,1696,3183.51
gate_up_proj,1712,3184.6
gate_up_proj,1728,3187.84
gate_up_proj,1744,3189.19
gate_up_proj,1760,3197.24
gate_up_proj,1776,3198.51
gate_up_proj,1792,3197.17
gate_up_proj,1808,3358.76
gate_up_proj,1824,3366.83
gate_up_proj,1840,3362.31
gate_up_proj,1856,3364.65
gate_up_proj,1872,3375.44
gate_up_proj,1888,3373.96
gate_up_proj,1904,3374.8
gate_up_proj,1920,3385.52
gate_up_proj,1936,3677.44
gate_up_proj,1952,3666.93
gate_up_proj,1968,3678.4
gate_up_proj,1984,3701.4
gate_up_proj,2000,3692.72
gate_up_proj,2016,3686.43
gate_up_proj,2032,3705.24
gate_up_proj,2048,3684.85
layernorm,1,2.97083
layernorm,2,3.00817
layernorm,3,2.96
layernorm,4,2.976
layernorm,5,2.992
layernorm,6,3.008
layernorm,7,3.02433
layernorm,8,3.02917
layernorm,9,3.00783
layernorm,10,3.008
layernorm,11,2.97617
layernorm,12,3.0295
layernorm,13,3.024
layernorm,14,3.02933
layernorm,15,3.02917
layernorm,16,3.08267
layernorm,20,3.0505
layernorm,24,3.12533
layernorm,28,3.1895
layernorm,32,3.26383
layernorm,36,3.31733
layernorm,40,3.39767
layernorm,44,3.45583
layernorm,48,3.52483
layernorm,52,3.64817
layernorm,56,3.72817
layernorm,60,3.81867
layernorm,64,3.90933
layernorm,80,4.25083
layernorm,96,4.944
layernorm,112,5.01333
layernorm,128,5.104
layernorm,144,5.09867
layernorm,160,5.26417
layernorm,176,5.96267
layernorm,192,6.0585
layernorm,208,7.13083
layernorm,224,7.30667
layernorm,240,8.0375
layernorm,256,7.32267
layernorm,272,8.08517
layernorm,288,8.42133
layernorm,304,8.79467
layernorm,320,9.28
layernorm,336,9.78683
layernorm,352,10.6133
layernorm,368,11.2587
layernorm,384,12.0588
layernorm,400,12.6613
layernorm,416,13.3975
layernorm,432,14.3465
layernorm,448,15.0775
layernorm,464,15.792
layernorm,480,16.4533
layernorm,496,17.3497
layernorm,512,19.7548
layernorm,528,21.0453
layernorm,544,21.9202
layernorm,560,22.5652
layernorm,576,23.3707
layernorm,592,23.9627
layernorm,608,24.7308
layernorm,624,25.3657
layernorm,640,25.4242
layernorm,656,26.2778
layernorm,672,26.7093
layernorm,688,27.6055
layernorm,704,28.272
layernorm,720,29.0668
layernorm,736,30.2617
layernorm,752,30.6827
layernorm,768,31.7388
layernorm,784,31.5737
layernorm,800,32.7093
layernorm,816,33.6537
layernorm,832,34.5068
layernorm,848,35.8187
layernorm,864,36.5497
layernorm,880,37.4508
layernorm,896,38.4273
layernorm,912,39.2107
layernorm,928,39.9257
layernorm,944,40.9175
layernorm,960,42.0587
layernorm,976,43.5362
layernorm,992,44.5015
layernorm,1008,45.0828
layernorm,1024,46.2345
layernorm,1040,46.9015
layernorm,1056,47.9258
layernorm,1072,48.955
layernorm,1088,50.0375
layernorm,1104,50.5708
layernorm,1120,51.4667
layernorm,1136,52.2613
layernorm,1152,53.003
layernorm,1168,53.4883
layernorm,1184,54.5388
layernorm,1200,55.1843
layernorm,1216,55.9737
layernorm,1232,56.5333
layernorm,1248,57.1572
layernorm,1264,58.7577
layernorm,1280,59.2163
layernorm,1296,57.3283
layernorm,1312,58.5388
layernorm,1328,59.8403
layernorm,1344,60.4003
layernorm,1360,60.9868
layernorm,1376,61.8722
layernorm,1392,62.9977
layernorm,1408,63.579
layernorm,1424,65.1522
layernorm,1440,65.9472
layernorm,1456,66.3148
layernorm,1472,67.6643
layernorm,1488,68.6453
layernorm,1504,69.6588
layernorm,1520,70.1975
layernorm,1536,71.1792
layernorm,1552,72.2188
layernorm,1568,73.3388
layernorm,1584,73.9738
layernorm,1600,74.8803
layernorm,1616,75.6535
layernorm,1632,76.9017
layernorm,1648,77.0832
layernorm,1664,78.459
layernorm,1680,79.2163
layernorm,1696,79.9152
layernorm,1712,78.4855
layernorm,1728,79.3708
layernorm,1744,80.4327
layernorm,1760,81.099
layernorm,1776,81.6113
layernorm,1792,82.96
layernorm,1808,84.267
layernorm,1824,85.0832
layernorm,1840,86.1338
layernorm,1856,86.4323
layernorm,1872,87.5422
layernorm,1888,88.2243
layernorm,1904,89.6857
layernorm,1920,89.867
layernorm,1936,91.5363
layernorm,1952,92.5017
layernorm,1968,93.6647
layernorm,1984,94.3417
layernorm,2000,94.7523
layernorm,2016,96.1555
layernorm,2032,96.272
layernorm,2048,97.4942
o_proj,1,64.3093
o_proj,2,65.0773
o_proj,3,65.4613
o_proj,4,65.1417
o_proj,5,65.4293
o_proj,6,65.6533
o_proj,7,65.622
o_proj,8,65.5787
o_proj,9,66.315
o_proj,10,65.9737
o_proj,11,66.2403
o_proj,12,65.6643
o_proj,13,66.272
o_proj,14,65.4937
o_proj,15,66.6027
o_proj,16,65.9093
o_proj,20,65.696
o_proj,24,66.219
o_proj,28,66.347
o_proj,32,66.827
o_proj,36,69.3977
o_proj,40,70.144
o_proj,44,70.6133
o_proj,48,70.5177
o_proj,52,70.7417
o_proj,56,71.2003
o_proj,60,72.8533
o_proj,64,72.7143
o_proj,80,79.7863
o_proj,96,72.9067
o_proj,112,74.24
o_proj,128,73.9417
o_proj,144,84.5983
o_proj,160,84.864
o_proj,176,85.4943
o_proj,192,86.4323
o_proj,208,119.286
o_proj,224,121.131
o_proj,240,123.477
o_proj,256,127.051
o_proj,272,164.972
o_proj,288,165.078
o_proj,304,165.217
o_proj,320,165.334
o_proj,336,165.612
o_proj,352,165.878
o_proj,368,165.729
o_proj,384,166.816
o_proj,400,161.729
o_proj,416,161.74
o_proj,432,161.868
o_proj,448,161.931
o_proj,464,162.283
o_proj,480,161.984
o_proj,496,162.219
o_proj,512,162.7
o_proj,528,212.471
o_proj,544,215.03
o_proj,560,217.43
o_proj,576,219.414
o_proj,592,184.182
o_proj,608,190.475
o_proj,624,194.923
o_proj,640,196.62
o_proj,656,247.99
o_proj,672,249.164
o_proj,688,251.957
o_proj,704,253.473
o_proj,720,254.53
o_proj,736,256.897
o_proj,752,258.53
o_proj,768,259.617
o_proj,784,279.82
o_proj,800,280.748
o_proj,816,281.59
o_proj,832,281.889
o_proj,848,273.303
o_proj,864,275.073
o_proj,880,278.731
o_proj,896,279.542
o_proj,912,332.268
o_proj,928,334.818
o_proj,944,335.522
o_proj,960,337.666
o_proj,976,308.993
o_proj,992,308.769
o_proj,1008,310.359
o_proj,1024,309.388
o_proj,1040,326.817
o_proj,1056,326.241
o_proj,1072,326.252
o_proj,1088,326.711
o_proj,1104,327.693
o_proj,1120,328.577
o_proj,1136,328.545
o_proj,1152,328.833
o_proj,1168,327.085
o_proj,1184,328.556
o_proj,1200,329.825
o_proj,1216,329.59
o_proj,1232,328.705
o_proj,1248,329.814
o_proj,1264,329.708
o_proj,1280,330.945
o_proj,1296,488.877
o_proj,1312,491.736
o_proj,1328,490.029
o_proj,1344,490.285
o_proj,1360,490.541
o_proj,1376,493.677
o_proj,1392,490.626
o_proj,1408,491.885
o_proj,1424,493.454
o_proj,1440,491.032
o_proj,1456,494.295
o_proj,1472,494.775
o_proj,1488,493.026
o_proj,1504,494.638
o_proj,1520,495.074
o_proj,1536,493.997
o_proj,1552,495.959
o_proj,1568,494.114
o_proj,1584,495.757
o_proj,1600,493.901
o_proj,1616,495.234
o_proj,1632,493.666
o_proj,1648,494.924
o_proj,1664,496.45
o_proj,1680,489.665
o_proj,1696,492.248
o_proj,1712,570.349
o_proj,1728,519.587
o_proj,1744,518.605
o_proj,1760,518.466
o_proj,1776,520.237
o_proj,1792,523.308
o_proj,1808,519.853
o_proj,1824,520.973
o_proj,1840,519.309
o_proj,1856,521.954
o_proj,1872,520.834
o_proj,1888,524.696
o_proj,1904,531.331
o_proj,1920,533.634
o_proj,1936,620.121
o_proj,1952,621.657
o_proj,1968,627.448
o_proj,1984,629.005
o_proj,2000,630.701
o_proj,2016,626.392
o_proj,2032,637.304
o_proj,2048,630.595
qkv_proj,1,94.891
qkv_proj,2,91.7233
qkv_proj,3,92.0747
qkv_proj,4,92.096
qkv_proj,5,92.267
qkv_proj,6,91.9577
qkv_proj,7,92.2243
qkv_proj,8,92.064
qkv_proj,9,103.627
qkv_proj,10,103.521
qkv_proj,11,104.309
qkv_proj,12,105.11
qkv_proj,13,105.067
qkv_proj,14,105.238
qkv_proj,15,105.206
qkv_proj,16,104.939
qkv_proj,20,99.7443
qkv_proj,24,99.1043
qkv_proj,28,99.2643
qkv_proj,32,99.6377
qkv_proj,36,109.633
qkv_proj,40,109.76
qkv_proj,44,111.392
qkv_proj,48,110.753
qkv_proj,52,111.873
qkv_proj,56,112.172
qkv_proj,60,102.337
qkv_proj,64,102.198
qkv_proj,80,116.736
qkv_proj,96,119.573
qkv_proj,112,120.256
qkv_proj,128,121.281
qkv_proj,144,117.718
qkv_proj,160,119.04
qkv_proj,176,119.926
qkv_proj,192,120.065
qkv_proj,208,137.824
qkv_proj,224,138.326
qkv_proj,240,138.816
qkv_proj,256,141.697
qkv_proj,272,184.418
qkv_proj,288,186.934
qkv_proj,304,190.796
qkv_proj,320,195.916
qkv_proj,336,200.204
qkv_proj,352,205.238
qkv_proj,368,162.401
qkv_proj,384,162.87
qkv_proj,400,319.905
qkv_proj,416,319.917
qkv_proj,432,320.311
qkv_proj,448,240.545
qkv_proj,464,243.542
qkv_proj,480,245.558
qkv_proj,496,251.19
qkv_proj,512,253.12
qkv_proj,528,322.636
qkv_proj,544,322.625
qkv_proj,560,323.445
qkv_proj,576,323.895
qkv_proj,592,324.044
qkv_proj,608,324.14
qkv_proj,624,325.047
qkv_proj,640,325.207
qkv_proj,656,324.492
qkv_proj,672,324.78
qkv_proj,688,325.292
qkv_proj,704,325.846
qkv_proj,720,326.113
qkv_proj,736,326.54
qkv_proj,752,326.423
qkv_proj,768,327.223
qkv_proj,784,327.564
qkv_proj,800,327.97
qkv_proj,816,328.481
qkv_proj,832,329.239
qkv_proj,848,330.838
qkv_proj,864,330.369
qkv_proj,880,331.233
qkv_proj,896,333.313
qkv_proj,912,488.812
qkv_proj,928,489.966
qkv_proj,944,490.637
qkv_proj,960,490.957
qkv_proj,976,491.458
qkv_proj,992,492.152
qkv_proj,1008,492.45
qkv_proj,1024,493.73
qkv_proj,1040,491.597
qkv_proj,1056,493.314
qkv_proj,1072,491.575
qkv_proj,1088,493.698
qkv_proj,1104,494.583
qkv_proj,1120,494.957
qkv_proj,1136,495.511
qkv_proj,1152,497.091
qkv_proj,1168,493.38
qkv_proj,1184,493.975
qkv_proj,1200,496.151
qkv_proj,1216,497.346
qkv_proj,1232,496.77
qkv_proj,1248,496.108
qkv_proj,1264,498.413
qkv_proj,1280,498.231
qkv_proj,1296,655.107
qkv_proj,1312,658.178
qkv_proj,1328,656.739
qkv_proj,1344,657.048
qkv_proj,1360,656.516
qkv_proj,1376,659.032
qkv_proj,1392,658.627
qkv_proj,1408,658.883
qkv_proj,1424,661.445
qkv_proj,1440,658.798
qkv_proj,1456,661.763
qkv_proj,1472,651.395
qkv_proj,1488,645.922
qkv_proj,1504,651.171
qkv_proj,1520,651.907
qkv_proj,1536,651.95
qkv_proj,1552,655.747
qkv_proj,1568,655.64
qkv_proj,1584,655.47
qkv_proj,1600,650.104
qkv_proj,1616,655.672
qkv_proj,1632,649.016
qkv_proj,1648,650.903
qkv_proj,1664,655.96
qkv_proj,1680,652.141
qkv_proj,1696,656.153
qkv_proj,1712,651.757
qkv_proj,1728,656.056
qkv_proj,1744,651.661
qkv_proj,1760,656.621
qkv_proj,1776,656.366
qkv_proj,1792,655.107
qkv_proj,1808,815.492
qkv_proj,1824,812.59
qkv_proj,1840,809.55
qkv_proj,1856,814.073
qkv_proj,1872,813.187
qkv_proj,1888,813.071
qkv_proj,1904,814.702
qkv_proj,1920,814.03
qkv_proj,1936,814.394
qkv_proj,1952,812.665
qkv_proj,1968,813.22
qkv_proj,1984,818.115
qkv_proj,2000,814.03
qkv_proj,2016,813.679
qkv_proj,2032,821.561
qkv_proj,2048,816.089
rotary_emb,1,3.86167
rotary_emb,2,3.86133
rotary_emb,3,3.81867
rotary_emb,4,3.82967
rotary_emb,5,3.82933
rotary_emb,6,3.84
rotary_emb,7,3.86133
rotary_emb,8,3.88267
rotary_emb,9,3.808
rotary_emb,10,3.85067
rotary_emb,11,3.85067
rotary_emb,12,4.629
rotary_emb,13,4.58667
rotary_emb,14,4.58667
rotary_emb,15,4.59733
rotary_emb,16,4.65067
rotary_emb,20,3.819
rotary_emb,24,3.84033
rotary_emb,28,3.861
rotary_emb,32,3.89333
rotary_emb,36,3.78633
rotary_emb,40,3.79733
rotary_emb,44,3.79767
rotary_emb,48,3.851
rotary_emb,52,3.85067
rotary_emb,56,3.81867
rotary_emb,60,3.84
rotary_emb,64,3.85067
rotary_emb,80,3.968
rotary_emb,96,4.8
rotary_emb,112,4.90633
rotary_emb,128,4.928
rotary_emb,144,4.992
rotary_emb,160,5.024
rotary_emb,176,6.25067
rotary_emb,192,6.272
rotary_emb,208,6.28267
rotary_emb,224,6.496
rotary_emb,240,6.421
rotary_emb,256,7.594
rotary_emb,272,8.56533
rotary_emb,288,9.44
rotary_emb,304,10.4533
rotary_emb,320,11.1573
rotary_emb,336,11.7013
rotary_emb,352,12.448
rotary_emb,368,11.627
rotary_emb,384,12.352
rotary_emb,400,14.9227
rotary_emb,416,15.5733
rotary_emb,432,15.7547
rotary_emb,448,17.2053
rotary_emb,464,17.8667
rotary_emb,480,18.8807
rotary_emb,496,19.7123
rotary_emb,512,21.2483
rotary_emb,528,20.7253
rotary_emb,544,21.5253
rotary_emb,560,21.76
rotary_emb,576,22.464
rotary_emb,592,23.072
rotary_emb,608,23.6907
rotary_emb,624,24.2137
rotary_emb,640,24.8427
rotary_emb,656,25.344
rotary_emb,672,26.0163
rotary_emb,688,26.7733
rotary_emb,704,27.7763
rotary_emb,720,28.6723
rotary_emb,736,29.227
rotary_emb,752,29.9413
rotary_emb,768,31.0613
rotary_emb,784,32.0433
rotary_emb,800,32.6403
rotary_emb,816,33.3763
rotary_emb,832,34.1337
rotary_emb,848,34.5603
rotary_emb,864,34.7627
rotary_emb,880,35.552
rotary_emb,896,36.1707
rotary_emb,912,34.4537
rotary_emb,928,34.891
rotary_emb,944,35.6697
rotary_emb,960,36.2347
rotary_emb,976,36.875
rotary_emb,992,37.8563
rotary_emb,1008,38.4427
rotary_emb,1024,39.6267
rotary_emb,1040,41.43
rotary_emb,1056,42.3787
rotary_emb,1072,42.5387
rotary_emb,1088,43.563
rotary_emb,1104,44.2987
rotary_emb,1120,44.6087
rotary_emb,1136,45.483
rotary_emb,1152,46.059
rotary_emb,1168,46.5283
rotary_emb,1184,46.9337
rotary_emb,1200,47.8827
rotary_emb,1216,48.1817
rotary_emb,1232,48.7047
rotary_emb,1248,49.5893
rotary_emb,1264,50.5073
rotary_emb,1280,51.403
rotary_emb,1296,48
rotary_emb,1312,48.7253
rotary_emb,1328,49.483
rotary_emb,1344,50.091
rotary_emb,1360,50.6453
rotary_emb,1376,51.169
rotary_emb,1392,51.3387
rotary_emb,1408,52.288
rotary_emb,1424,54.752
rotary_emb,1440,55.2427
rotary_emb,1456,55.915
rotary_emb,1472,57.0027
rotary_emb,1488,57.6853
rotary_emb,1504,58.4863
rotary_emb,1520,59.1253
rotary_emb,1536,60.1603
rotary_emb,1552,61.1627
rotary_emb,1568,61.6213
rotary_emb,1584,62.155
rotary_emb,1600,63.2427
rotary_emb,1616,63.8087
rotary_emb,1632,64.3097
rotary_emb,1648,64.811
rotary_emb,1664,65.3123
rotary_emb,1680,65.824
rotary_emb,1696,66.443
rotary_emb,1712,67.0937
rotary_emb,1728,68.0323
rotary_emb,1744,68.5867
rotary_emb,1760,68.822
rotary_emb,1776,69.9417
rotary_emb,1792,70.8697
rotary_emb,1808,67.3707
rotary_emb,1824,68.1493
rotary_emb,1840,70.1227
rotary_emb,1856,69.5573
rotary_emb,1872,70.443
rotary_emb,1888,71.488
rotary_emb,1904,72.0213
rotary_emb,1920,71.84
rotary_emb,1936,75.1257
rotary_emb,1952,75.5097
rotary_emb,1968,75.4243
rotary_emb,1984,76.6613
rotary_emb,2000,77.163
rotary_emb,2016,77.7713
rotary_emb,2032,79.414
rotary_emb,2048,79.456
